recipient_id,recipient_name,state,recipient_type,allocation_amount,vendor_rows,vendor_count,spend_total,spend_coverage_ratio,largest_vendor_share,direct_service_spend,review_worthy_spend,vendor_watch_spend,consulting_spend,administrative_spend,legal_pr_spend,capital_spend,opaque_spend,dominant_category_bucket,source_flags
MN-MINNESOTACOUNTYANDTRIBALNATIONCHILDPROTECTIONAGE,Minnesota County and Tribal Nation Child Protection Agencies,MN,county,26504970.00,5,1,26504970.00,1.0000,1.0000,0.00,26504970.00,0.00,0.00,0.00,0.00,0.00,26504970.00,opaque,ALLOCATIONS|SPENDING
NC-COUNTY-BUNCOMBECOUNTY,Buncombe County,NC,county,9019629.51,12,6,5618280.80,0.6229,0.7058,819256.91,4632323.65,55387.50,3965166.75,0.00,0.00,0.00,667156.90,direct_service,ALLOCATIONS|SPENDING
MN-HENNEPINCOUNTY,Hennepin County,MN,county,9808030.00,121,1,9808030.00,1.0000,1.0000,6942415.00,2865615.00,0.00,0.00,2516620.00,348995.00,0.00,0.00,direct_service,ALLOCATIONS|SPENDING
NC-COUNTY-GUILFORDCOUNTY,Guilford County,NC,county,12120375.13,9,7,4911729.14,0.4052,0.5083,2233818.58,2582993.95,0.00,2496821.06,0.00,0.00,0.00,86172.89,direct_service,ALLOCATIONS|SPENDING
NC-COUNTY-GASTONCOUNTY,Gaston County,NC,county,12051863.80,6,5,2351572.84,0.1951,0.6793,754209.81,1597363.03,0.00,1597363.03,0.00,0.00,0.00,0.00,direct_service,ALLOCATIONS|SPENDING
NC-COUNTY-NEWHANOVERCOUNTY,New Hanover County,NC,county,10404675.20,9,5,3413490.48,0.3281,0.3675,2159000.00,1254490.48,0.00,1254490.48,0.00,0.00,0.00,0.00,direct_service,ALLOCATIONS|SPENDING
CO-STATEOFCOLORADO,STATE OF COLORADO,CO,municipality,55924.00,85,62,8535867.63,152.6334,0.1853,7306462.38,1196117.75,1959865.32,0.00,1018110.97,0.00,0.00,178006.78,direct_service,ALLOCATIONS|SPENDING
NC-COUNTY-WILKESCOUNTY,Wilkes County,NC,county,7172274.69,8,6,2180463.51,0.3040,0.4996,1091027.15,1089436.36,200311.66,1089436.36,0.00,0.00,0.00,0.00,direct_service,ALLOCATIONS|SPENDING
VA-RUSSELLTAZEWELLWISEYWYTHESMYTHCOUNTYBLANDCARROLL,"Russell, Tazewell, Wisey, Wythe, Smyth County, Bland, Carroll",VA,county,915039.00,1,1,915039.00,1.0000,1.0000,0.00,915039.00,0.00,0.00,0.00,0.00,0.00,915039.00,opaque,ALLOCATIONS|SPENDING
VA-CHESAPEAKEPORTSMOUTHSUFFOLKWASHINGTONCOUNTYBRISTOL,"Chesapeake, Portsmouth, Suffolk, Washington County, Bristol",VA,county,840000.00,1,1,840000.00,1.0000,1.0000,0.00,840000.00,0.00,0.00,0.00,0.00,840000.00,0.00,capital,ALLOCATIONS|SPENDING
NC-COUNTY-CARTERETCOUNTY,Carteret County,NC,county,4052552.45,5,3,1159945.58,0.2862,0.7059,341193.62,818751.96,0.00,818751.96,0.00,0.00,0.00,0.00,direct_service,ALLOCATIONS|SPENDING
NC-COUNTY-CABARRUSCOUNTY,Cabarrus County,NC,county,6622713.09,10,6,1396199.58,0.2108,0.5815,584311.39,811888.19,0.00,811888.19,0.00,0.00,0.00,0.00,direct_service,ALLOCATIONS|SPENDING
NC-COUNTY-FORSYTHCOUNTY,Forsyth County,NC,county,11019439.10,21,19,3082698.23,0.2798,0.2604,1631430.99,802751.45,4100.00,802751.45,0.00,0.00,0.00,0.00,direct_service,ALLOCATIONS|SPENDING
NC-COUNTY-DURHAMCOUNTY,Durham County,NC,county,6462744.36,3,3,896447.57,0.1387,0.6790,287772.94,608674.63,0.00,608674.63,0.00,0.00,0.00,0.00,direct_service,ALLOCATIONS|SPENDING
IN-TOWNOFSCOTT,Town of Scott,IN,municipality,1575611.71,12,12,618697.00,0.3927,0.2098,0.00,594597.00,0.00,0.00,0.00,0.00,594597.00,0.00,capital,ALLOCATIONS|SPENDING
CO-REGION2-LARIMER,REGION 2- LARIMER,CO,municipality,11376.00,21,12,11346542.32,997.4105,0.5768,4252083.00,550000.00,0.00,0.00,550000.00,0.00,0.00,0.00,direct_service,ALLOCATIONS|SPENDING
IN-CITYOFMARION,City of Marion,IN,municipality,1178550.20,24,24,6670368.00,5.6598,0.2998,6000296.00,542786.00,28469.00,0.00,0.00,0.00,434128.00,108658.00,direct_service,ALLOCATIONS|SPENDING
NC-CITY-CITYOFCHARLOTTE,City of Charlotte,NC,city,1041563.48,2,1,1050000.00,1.0081,1.0000,525000.00,525000.00,0.00,0.00,0.00,0.00,0.00,525000.00,direct_service,ALLOCATIONS|SPENDING
NC-COUNTY-ROBESONCOUNTY,Robeson County,NC,county,4883089.78,13,8,1074371.50,0.2200,0.4805,558084.89,516286.61,0.00,516286.61,0.00,0.00,0.00,0.00,direct_service,ALLOCATIONS|SPENDING
NC-COUNTY-UNIONCOUNTY,Union County,NC,county,5267231.54,11,7,1740004.61,0.3303,0.2942,878285.96,511863.29,0.00,511863.29,0.00,0.00,0.00,0.00,direct_service,ALLOCATIONS|SPENDING
NC-COUNTY-PENDERCOUNTY,Pender County,NC,county,2103546.54,6,4,809751.65,0.3849,0.5408,0.00,495513.65,0.00,71550.00,0.00,0.00,423963.65,0.00,other,ALLOCATIONS|SPENDING
MI-STAFFING,Staffing,MI,vendor,493557.00,1,1,493557.00,1.0000,1.0000,0.00,493557.00,0.00,0.00,493557.00,0.00,0.00,0.00,administration,ALLOCATIONS|SPENDING
NC-COUNTY-DARECOUNTY,Dare County,NC,county,1914567.94,10,7,958848.00,0.5008,0.5037,475915.75,482932.25,0.00,482932.25,0.00,0.00,0.00,0.00,direct_service,ALLOCATIONS|SPENDING
IN-ELKHARTCOUNTY,Elkhart County,IN,county,2550893.48,6,5,1258954.00,0.4935,0.3972,791313.00,467641.00,804851.00,0.00,0.00,0.00,467641.00,0.00,direct_service,ALLOCATIONS|SPENDING
NC-COUNTY-ONSLOWCOUNTY,Onslow County,NC,county,5903947.65,7,4,883263.71,0.1496,0.5264,418277.38,464986.33,0.00,464986.33,0.00,0.00,0.00,0.00,direct_service,ALLOCATIONS|SPENDING
NC-COUNTY-CUMBERLANDCOUNTY,Cumberland County,NC,county,9471086.49,13,12,1010749.30,0.1067,0.4499,537769.44,454739.86,0.00,454739.86,0.00,0.00,0.00,0.00,direct_service,ALLOCATIONS|SPENDING
IN-CITYOFHAMMOND,City of Hammond,IN,municipality,1392165.63,1,1,444718.00,0.3194,1.0000,0.00,444718.00,0.00,0.00,0.00,0.00,444718.00,0.00,capital,ALLOCATIONS|SPENDING
MI-MICHIGANPUBLICHEALTHINSTITUTE,Michigan Public Health Institute,MI,vendor,2992091.00,10,1,2992091.00,1.0000,1.0000,837860.00,443653.00,0.00,0.00,330000.00,0.00,0.00,113653.00,other,ALLOCATIONS|SPENDING
NC-COUNTY-WILSONCOUNTY,Wilson County,NC,county,2321610.01,9,5,884828.81,0.3811,0.3994,459884.87,424943.94,0.00,321968.94,0.00,0.00,0.00,102975.00,direct_service,ALLOCATIONS|SPENDING
NC-COUNTY-ORANGECOUNTY,Orange County,NC,county,3791736.92,9,7,1114932.61,0.2940,0.2688,711384.27,403548.34,0.00,299681.42,103866.92,0.00,0.00,0.00,direct_service,ALLOCATIONS|SPENDING
NC-COUNTY-EDGECOMBECOUNTY,Edgecombe County,NC,county,1497899.02,9,6,749377.91,0.5003,0.5286,349119.85,396158.53,0.00,0.00,0.00,0.00,0.00,396158.53,direct_service,ALLOCATIONS|SPENDING
NC-COUNTY-IREDELLCOUNTY,Iredell County,NC,county,7598745.55,12,3,1286156.82,0.1693,0.4587,903395.98,382760.84,0.00,0.00,0.00,0.00,0.00,382760.84,direct_service,ALLOCATIONS|SPENDING
NC-COUNTY-STANLYCOUNTY,Stanly County,NC,county,2603531.76,17,13,1105362.57,0.4246,0.2911,747680.62,357681.95,0.00,321806.26,0.00,0.00,0.00,35875.69,direct_service,ALLOCATIONS|SPENDING
CO-REGION6-BOULDER,REGION 6- BOULDER,CO,municipality,98246.50,53,20,7792081.39,79.3115,0.5819,2900842.82,356736.57,90337.95,21277.85,241803.72,0.00,93655.00,0.00,direct_service,ALLOCATIONS|SPENDING
NC-COUNTY-COLUMBUSCOUNTY,Columbus County,NC,county,4384636.11,11,7,868957.66,0.1982,0.4044,191719.64,351426.03,25415.50,351426.03,0.00,0.00,0.00,0.00,direct_service,ALLOCATIONS|SPENDING
CO-DENVER,DENVER,CO,municipality,986.59,8,4,772973.29,783.4798,0.5594,437598.92,335374.37,0.00,0.00,335374.37,0.00,0.00,0.00,direct_service,ALLOCATIONS|SPENDING
WV-WETZELCOUNTYCOMMISSION,Wetzel County Commission,WV,county,445956.60,1,1,332921.83,0.7465,1.0000,0.00,332921.83,332921.83,0.00,332921.83,0.00,0.00,0.00,administration,ALLOCATIONS|SPENDING
NC-COUNTY-BRUNSWICKCOUNTY,Brunswick County,NC,county,7589074.91,7,4,772961.88,0.1019,0.4256,443989.71,328972.17,0.00,328972.17,0.00,0.00,0.00,0.00,direct_service,ALLOCATIONS|SPENDING
NC-COUNTY-RICHMONDCOUNTY,Richmond County,NC,county,2690290.38,8,6,649332.81,0.2414,0.4379,300047.88,293209.88,0.00,284317.11,0.00,0.00,0.00,8892.77,direct_service,ALLOCATIONS|SPENDING
VA-GRAYSONWYTHECITYCOUNTYPARTNERSHIPBOLDINDICATESFISCALAGENTSMYTHCOUNTYDICKENSONLEE,"Grayson, Wythe, Smyth County, Dickenson, Lee",VA,county,275040.00,1,1,275040.00,1.0000,1.0000,0.00,275040.00,275040.00,0.00,0.00,275040.00,0.00,0.00,legal_pr,ALLOCATIONS|SPENDING
NC-COUNTY-WATAUGACOUNTY,Watauga County,NC,county,1686702.56,4,3,1058434.00,0.6275,0.7035,784588.00,273846.00,0.00,273846.00,0.00,0.00,0.00,0.00,direct_service,ALLOCATIONS|SPENDING
NC-COUNTY-HENDERSONCOUNTY,Henderson County,NC,county,4961592.64,19,7,708813.43,0.1429,0.7953,447749.45,261063.98,0.00,0.00,0.00,0.00,261063.98,0.00,direct_service,ALLOCATIONS|SPENDING
NC-COUNTY-CLEVELANDCOUNTY,Cleveland County,NC,county,4021892.30,4,2,366555.49,0.0911,0.7069,107421.43,259134.06,0.00,259134.06,0.00,0.00,0.00,0.00,consulting,ALLOCATIONS|SPENDING
NC-COUNTY-YADKINCOUNTY,Yadkin County,NC,county,2018786.21,5,1,335508.25,0.1662,1.0000,82053.51,253454.74,0.00,253454.74,0.00,0.00,0.00,0.00,consulting,ALLOCATIONS|SPENDING
NC-COUNTY-ALAMANCECOUNTY,Alamance County,NC,county,4948785.97,3,3,923110.90,0.1865,0.4480,669796.43,253314.47,0.00,253314.47,0.00,0.00,0.00,0.00,direct_service,ALLOCATIONS|SPENDING
NC-COUNTY-SURRYCOUNTY,Surry County,NC,county,5066569.40,10,3,761815.14,0.1504,0.6190,509919.89,251895.25,0.00,0.00,0.00,0.00,0.00,251895.25,direct_service,ALLOCATIONS|SPENDING
IN-CITYOFKOKOMO,City of Kokomo,IN,municipality,365108.79,2,1,265000.00,0.7258,1.0000,15000.00,250000.00,0.00,0.00,0.00,0.00,250000.00,0.00,capital,ALLOCATIONS|SPENDING
MN-RAMSEYCOUNTY,Ramsey County,MN,county,2829338.00,27,1,2829338.00,1.0000,1.0000,2584559.00,244779.00,0.00,9188.00,235591.00,0.00,0.00,0.00,direct_service,ALLOCATIONS|SPENDING
WV-CITYOFSUMMERSVILLE,City of Summersville,WV,municipality,486337.42,1,1,241382.47,0.4963,1.0000,0.00,241382.47,0.00,0.00,241382.47,0.00,0.00,0.00,administration,ALLOCATIONS|SPENDING
IN-FLOYDCOUNTY,Floyd County,IN,county,2344504.84,29,13,738560.00,0.3150,0.3595,287351.00,239102.00,0.00,0.00,0.00,0.00,228584.00,10518.00,capital,ALLOCATIONS|SPENDING
